"timestamp","count","uniques","date_retrieved"
"2021-01-11T00:00:00Z",16,6,2021-01-11
"2021-01-11T00:00:00Z",25,8,2021-01-11
"2021-01-11T00:00:00Z",29,9,2021-01-12
"2021-01-11T00:00:00Z",29,9,2021-01-13
"2021-01-12T00:00:00Z",2,2,2021-01-13
"2021-01-11T00:00:00Z",29,9,2021-01-14
"2021-01-12T00:00:00Z",2,2,2021-01-14
"2021-01-13T00:00:00Z",1,1,2021-01-14
"2021-01-11T00:00:00Z",29,9,2021-01-15
"2021-01-12T00:00:00Z",2,2,2021-01-15
"2021-01-13T00:00:00Z",1,1,2021-01-15
"2021-01-14T00:00:00Z",1,1,2021-01-15
"2021-01-11T00:00:00Z",29,9,2021-01-16
"2021-01-12T00:00:00Z",2,2,2021-01-16
"2021-01-13T00:00:00Z",1,1,2021-01-16
"2021-01-14T00:00:00Z",1,1,2021-01-16
"2021-01-15T00:00:00Z",1,1,2021-01-16
"2021-01-11T00:00:00Z",29,9,2021-01-17
"2021-01-12T00:00:00Z",2,2,2021-01-17
"2021-01-13T00:00:00Z",1,1,2021-01-17
"2021-01-14T00:00:00Z",1,1,2021-01-17
"2021-01-15T00:00:00Z",1,1,2021-01-17
"2021-01-16T00:00:00Z",1,1,2021-01-17
"2021-01-11T00:00:00Z",29,9,2021-01-18
"2021-01-12T00:00:00Z",2,2,2021-01-18
"2021-01-13T00:00:00Z",1,1,2021-01-18
"2021-01-14T00:00:00Z",1,1,2021-01-18
"2021-01-15T00:00:00Z",1,1,2021-01-18
"2021-01-16T00:00:00Z",1,1,2021-01-18
"2021-01-17T00:00:00Z",1,1,2021-01-18
"2021-01-11T00:00:00Z",29,9,2021-01-19
"2021-01-12T00:00:00Z",2,2,2021-01-19
"2021-01-13T00:00:00Z",1,1,2021-01-19
"2021-01-14T00:00:00Z",1,1,2021-01-19
"2021-01-15T00:00:00Z",1,1,2021-01-19
"2021-01-16T00:00:00Z",1,1,2021-01-19
"2021-01-17T00:00:00Z",1,1,2021-01-19
"2021-01-18T00:00:00Z",2,2,2021-01-19
"2021-01-11T00:00:00Z",29,9,2021-01-20
"2021-01-12T00:00:00Z",2,2,2021-01-20
"2021-01-13T00:00:00Z",1,1,2021-01-20
"2021-01-14T00:00:00Z",1,1,2021-01-20
"2021-01-15T00:00:00Z",1,1,2021-01-20
"2021-01-16T00:00:00Z",1,1,2021-01-20
"2021-01-17T00:00:00Z",1,1,2021-01-20
"2021-01-18T00:00:00Z",2,2,2021-01-20
"2021-01-19T00:00:00Z",1,1,2021-01-20
"2021-01-11T00:00:00Z",29,9,2021-01-21
"2021-01-12T00:00:00Z",2,2,2021-01-21
"2021-01-13T00:00:00Z",1,1,2021-01-21
"2021-01-14T00:00:00Z",1,1,2021-01-21
"2021-01-15T00:00:00Z",1,1,2021-01-21
"2021-01-16T00:00:00Z",1,1,2021-01-21
"2021-01-17T00:00:00Z",1,1,2021-01-21
"2021-01-18T00:00:00Z",2,2,2021-01-21
"2021-01-19T00:00:00Z",1,1,2021-01-21
"2021-01-20T00:00:00Z",1,1,2021-01-21
"2021-01-11T00:00:00Z",29,9,2021-01-22
"2021-01-12T00:00:00Z",2,2,2021-01-22
"2021-01-13T00:00:00Z",1,1,2021-01-22
"2021-01-14T00:00:00Z",1,1,2021-01-22
"2021-01-15T00:00:00Z",1,1,2021-01-22
"2021-01-16T00:00:00Z",1,1,2021-01-22
"2021-01-17T00:00:00Z",1,1,2021-01-22
"2021-01-18T00:00:00Z",2,2,2021-01-22
"2021-01-19T00:00:00Z",1,1,2021-01-22
"2021-01-20T00:00:00Z",1,1,2021-01-22
"2021-01-21T00:00:00Z",1,1,2021-01-22
"2021-01-11T00:00:00Z",29,9,2021-01-23
"2021-01-12T00:00:00Z",2,2,2021-01-23
"2021-01-13T00:00:00Z",1,1,2021-01-23
"2021-01-14T00:00:00Z",1,1,2021-01-23
"2021-01-15T00:00:00Z",1,1,2021-01-23
"2021-01-16T00:00:00Z",1,1,2021-01-23
"2021-01-17T00:00:00Z",1,1,2021-01-23
"2021-01-18T00:00:00Z",2,2,2021-01-23
"2021-01-19T00:00:00Z",1,1,2021-01-23
"2021-01-20T00:00:00Z",1,1,2021-01-23
"2021-01-21T00:00:00Z",1,1,2021-01-23
"2021-01-22T00:00:00Z",1,1,2021-01-23
"2021-01-11T00:00:00Z",29,9,2021-01-24
"2021-01-12T00:00:00Z",2,2,2021-01-24
"2021-01-13T00:00:00Z",1,1,2021-01-24
"2021-01-14T00:00:00Z",1,1,2021-01-24
"2021-01-15T00:00:00Z",1,1,2021-01-24
"2021-01-16T00:00:00Z",1,1,2021-01-24
"2021-01-17T00:00:00Z",1,1,2021-01-24
"2021-01-18T00:00:00Z",2,2,2021-01-24
"2021-01-19T00:00:00Z",1,1,2021-01-24
"2021-01-20T00:00:00Z",1,1,2021-01-24
"2021-01-21T00:00:00Z",1,1,2021-01-24
"2021-01-22T00:00:00Z",1,1,2021-01-24
"2021-01-23T00:00:00Z",1,1,2021-01-24
"2021-01-11T00:00:00Z",2,2,2021-01-25
"2021-01-12T00:00:00Z",2,2,2021-01-25
"2021-01-13T00:00:00Z",1,1,2021-01-25
"2021-01-14T00:00:00Z",1,1,2021-01-25
"2021-01-15T00:00:00Z",1,1,2021-01-25
"2021-01-16T00:00:00Z",1,1,2021-01-25
"2021-01-17T00:00:00Z",1,1,2021-01-25
"2021-01-18T00:00:00Z",2,2,2021-01-25
"2021-01-19T00:00:00Z",1,1,2021-01-25
"2021-01-20T00:00:00Z",1,1,2021-01-25
"2021-01-21T00:00:00Z",1,1,2021-01-25
"2021-01-22T00:00:00Z",1,1,2021-01-25
"2021-01-23T00:00:00Z",1,1,2021-01-25
"2021-01-24T00:00:00Z",1,1,2021-01-25
"2021-01-13T00:00:00Z",1,1,2021-01-26
"2021-01-14T00:00:00Z",1,1,2021-01-26
"2021-01-15T00:00:00Z",1,1,2021-01-26
"2021-01-16T00:00:00Z",1,1,2021-01-26
"2021-01-17T00:00:00Z",1,1,2021-01-26
"2021-01-18T00:00:00Z",2,2,2021-01-26
"2021-01-19T00:00:00Z",1,1,2021-01-26
"2021-01-20T00:00:00Z",1,1,2021-01-26
"2021-01-21T00:00:00Z",1,1,2021-01-26
"2021-01-22T00:00:00Z",1,1,2021-01-26
"2021-01-23T00:00:00Z",1,1,2021-01-26
"2021-01-24T00:00:00Z",1,1,2021-01-26
"2021-01-25T00:00:00Z",2,2,2021-01-26
"2021-01-14T00:00:00Z",1,1,2021-01-27
"2021-01-15T00:00:00Z",1,1,2021-01-27
"2021-01-16T00:00:00Z",1,1,2021-01-27
"2021-01-17T00:00:00Z",1,1,2021-01-27
"2021-01-18T00:00:00Z",2,2,2021-01-27
"2021-01-19T00:00:00Z",1,1,2021-01-27
"2021-01-20T00:00:00Z",1,1,2021-01-27
"2021-01-21T00:00:00Z",1,1,2021-01-27
"2021-01-22T00:00:00Z",1,1,2021-01-27
"2021-01-23T00:00:00Z",1,1,2021-01-27
"2021-01-24T00:00:00Z",1,1,2021-01-27
"2021-01-25T00:00:00Z",2,2,2021-01-27
"2021-01-26T00:00:00Z",1,1,2021-01-27
"2021-01-16T00:00:00Z",1,1,2021-01-29
"2021-01-17T00:00:00Z",1,1,2021-01-29
"2021-01-18T00:00:00Z",2,2,2021-01-29
"2021-01-19T00:00:00Z",1,1,2021-01-29
"2021-01-20T00:00:00Z",1,1,2021-01-29
"2021-01-21T00:00:00Z",1,1,2021-01-29
"2021-01-22T00:00:00Z",1,1,2021-01-29
"2021-01-23T00:00:00Z",1,1,2021-01-29
"2021-01-24T00:00:00Z",1,1,2021-01-29
"2021-01-25T00:00:00Z",2,2,2021-01-29
"2021-01-26T00:00:00Z",1,1,2021-01-29
"2021-01-27T00:00:00Z",1,1,2021-01-29
"2021-01-28T00:00:00Z",1,1,2021-01-29
"2021-01-17T00:00:00Z",1,1,2021-01-30
"2021-01-18T00:00:00Z",2,2,2021-01-30
"2021-01-19T00:00:00Z",1,1,2021-01-30
"2021-01-20T00:00:00Z",1,1,2021-01-30
"2021-01-21T00:00:00Z",1,1,2021-01-30
"2021-01-22T00:00:00Z",1,1,2021-01-30
"2021-01-23T00:00:00Z",1,1,2021-01-30
"2021-01-24T00:00:00Z",1,1,2021-01-30
"2021-01-25T00:00:00Z",2,2,2021-01-30
"2021-01-26T00:00:00Z",1,1,2021-01-30
"2021-01-27T00:00:00Z",1,1,2021-01-30
"2021-01-28T00:00:00Z",1,1,2021-01-30
"2021-01-29T00:00:00Z",1,1,2021-01-30
"2021-01-18T00:00:00Z",2,2,2021-01-31
"2021-01-19T00:00:00Z",1,1,2021-01-31
"2021-01-20T00:00:00Z",1,1,2021-01-31
"2021-01-21T00:00:00Z",1,1,2021-01-31
"2021-01-22T00:00:00Z",1,1,2021-01-31
"2021-01-23T00:00:00Z",1,1,2021-01-31
"2021-01-24T00:00:00Z",1,1,2021-01-31
"2021-01-25T00:00:00Z",2,2,2021-01-31
"2021-01-26T00:00:00Z",1,1,2021-01-31
"2021-01-27T00:00:00Z",1,1,2021-01-31
"2021-01-28T00:00:00Z",1,1,2021-01-31
"2021-01-29T00:00:00Z",1,1,2021-01-31
"2021-01-30T00:00:00Z",1,1,2021-01-31
"2021-01-20T00:00:00Z",1,1,2021-02-02
"2021-01-21T00:00:00Z",1,1,2021-02-02
"2021-01-22T00:00:00Z",1,1,2021-02-02
"2021-01-23T00:00:00Z",1,1,2021-02-02
"2021-01-24T00:00:00Z",1,1,2021-02-02
"2021-01-25T00:00:00Z",2,2,2021-02-02
"2021-01-26T00:00:00Z",1,1,2021-02-02
"2021-01-27T00:00:00Z",1,1,2021-02-02
"2021-01-28T00:00:00Z",1,1,2021-02-02
"2021-01-29T00:00:00Z",1,1,2021-02-02
"2021-01-30T00:00:00Z",1,1,2021-02-02
"2021-01-31T00:00:00Z",2,2,2021-02-02
"2021-02-01T00:00:00Z",1,1,2021-02-02
"2021-01-21T00:00:00Z",1,1,2021-02-03
"2021-01-22T00:00:00Z",1,1,2021-02-03
"2021-01-23T00:00:00Z",1,1,2021-02-03
"2021-01-24T00:00:00Z",1,1,2021-02-03
"2021-01-25T00:00:00Z",2,2,2021-02-03
"2021-01-26T00:00:00Z",1,1,2021-02-03
"2021-01-27T00:00:00Z",1,1,2021-02-03
"2021-01-28T00:00:00Z",1,1,2021-02-03
"2021-01-29T00:00:00Z",1,1,2021-02-03
"2021-01-30T00:00:00Z",1,1,2021-02-03
"2021-01-31T00:00:00Z",2,2,2021-02-03
"2021-02-01T00:00:00Z",1,1,2021-02-03
"2021-02-02T00:00:00Z",1,1,2021-02-03
"2021-01-22T00:00:00Z",1,1,2021-02-04
"2021-01-23T00:00:00Z",1,1,2021-02-04
"2021-01-24T00:00:00Z",1,1,2021-02-04
"2021-01-25T00:00:00Z",2,2,2021-02-04
"2021-01-26T00:00:00Z",1,1,2021-02-04
"2021-01-27T00:00:00Z",1,1,2021-02-04
"2021-01-28T00:00:00Z",1,1,2021-02-04
"2021-01-29T00:00:00Z",1,1,2021-02-04
"2021-01-30T00:00:00Z",1,1,2021-02-04
"2021-01-31T00:00:00Z",2,2,2021-02-04
"2021-02-01T00:00:00Z",1,1,2021-02-04
"2021-02-02T00:00:00Z",1,1,2021-02-04
"2021-02-03T00:00:00Z",1,1,2021-02-04
"2021-01-23T00:00:00Z",1,1,2021-02-05
"2021-01-24T00:00:00Z",1,1,2021-02-05
"2021-01-25T00:00:00Z",2,2,2021-02-05
"2021-01-26T00:00:00Z",1,1,2021-02-05
"2021-01-27T00:00:00Z",1,1,2021-02-05
"2021-01-28T00:00:00Z",1,1,2021-02-05
"2021-01-29T00:00:00Z",1,1,2021-02-05
"2021-01-30T00:00:00Z",1,1,2021-02-05
"2021-01-31T00:00:00Z",2,2,2021-02-05
"2021-02-01T00:00:00Z",1,1,2021-02-05
"2021-02-02T00:00:00Z",1,1,2021-02-05
"2021-02-03T00:00:00Z",1,1,2021-02-05
"2021-02-04T00:00:00Z",2,2,2021-02-05
"2021-01-24T00:00:00Z",1,1,2021-02-06
"2021-01-25T00:00:00Z",2,2,2021-02-06
"2021-01-26T00:00:00Z",1,1,2021-02-06
"2021-01-27T00:00:00Z",1,1,2021-02-06
"2021-01-28T00:00:00Z",1,1,2021-02-06
"2021-01-29T00:00:00Z",1,1,2021-02-06
"2021-01-30T00:00:00Z",1,1,2021-02-06
"2021-01-31T00:00:00Z",2,2,2021-02-06
"2021-02-01T00:00:00Z",1,1,2021-02-06
"2021-02-02T00:00:00Z",1,1,2021-02-06
"2021-02-03T00:00:00Z",1,1,2021-02-06
"2021-02-04T00:00:00Z",2,2,2021-02-06
"2021-02-05T00:00:00Z",2,2,2021-02-06
"2021-02-06T00:00:00Z",1,1,2021-02-06
"2021-01-25T00:00:00Z",2,2,2021-02-07
"2021-01-26T00:00:00Z",1,1,2021-02-07
"2021-01-27T00:00:00Z",1,1,2021-02-07
"2021-01-28T00:00:00Z",1,1,2021-02-07
"2021-01-29T00:00:00Z",1,1,2021-02-07
"2021-01-30T00:00:00Z",1,1,2021-02-07
"2021-01-31T00:00:00Z",2,2,2021-02-07
"2021-02-01T00:00:00Z",1,1,2021-02-07
"2021-02-02T00:00:00Z",1,1,2021-02-07
"2021-02-03T00:00:00Z",1,1,2021-02-07
"2021-02-04T00:00:00Z",2,2,2021-02-07
"2021-02-05T00:00:00Z",2,2,2021-02-07
"2021-02-06T00:00:00Z",3,3,2021-02-07
"2021-01-26T00:00:00Z",1,1,2021-02-08
"2021-01-27T00:00:00Z",1,1,2021-02-08
"2021-01-28T00:00:00Z",1,1,2021-02-08
"2021-01-29T00:00:00Z",1,1,2021-02-08
"2021-01-30T00:00:00Z",1,1,2021-02-08
"2021-01-31T00:00:00Z",2,2,2021-02-08
"2021-02-01T00:00:00Z",1,1,2021-02-08
"2021-02-02T00:00:00Z",1,1,2021-02-08
"2021-02-03T00:00:00Z",1,1,2021-02-08
"2021-02-04T00:00:00Z",2,2,2021-02-08
"2021-02-05T00:00:00Z",2,2,2021-02-08
"2021-02-06T00:00:00Z",3,3,2021-02-08
"2021-02-07T00:00:00Z",3,3,2021-02-08
"2021-01-27T00:00:00Z",1,1,2021-02-09
"2021-01-28T00:00:00Z",1,1,2021-02-09
"2021-01-29T00:00:00Z",1,1,2021-02-09
"2021-01-30T00:00:00Z",1,1,2021-02-09
"2021-01-31T00:00:00Z",2,2,2021-02-09
"2021-02-01T00:00:00Z",1,1,2021-02-09
"2021-02-02T00:00:00Z",1,1,2021-02-09
"2021-02-03T00:00:00Z",1,1,2021-02-09
"2021-02-04T00:00:00Z",2,2,2021-02-09
"2021-02-05T00:00:00Z",2,2,2021-02-09
"2021-02-06T00:00:00Z",3,3,2021-02-09
"2021-02-07T00:00:00Z",3,3,2021-02-09
"2021-02-08T00:00:00Z",1,1,2021-02-09
"2021-01-28T00:00:00Z",1,1,2021-02-10
"2021-01-29T00:00:00Z",1,1,2021-02-10
"2021-01-30T00:00:00Z",1,1,2021-02-10
"2021-01-31T00:00:00Z",2,2,2021-02-10
"2021-02-01T00:00:00Z",1,1,2021-02-10
"2021-02-02T00:00:00Z",1,1,2021-02-10
"2021-02-03T00:00:00Z",1,1,2021-02-10
"2021-02-04T00:00:00Z",2,2,2021-02-10
"2021-02-05T00:00:00Z",2,2,2021-02-10
"2021-02-06T00:00:00Z",3,3,2021-02-10
"2021-02-07T00:00:00Z",3,3,2021-02-10
"2021-02-08T00:00:00Z",1,1,2021-02-10
"2021-02-09T00:00:00Z",1,1,2021-02-10
"2021-01-29T00:00:00Z",1,1,2021-02-11
"2021-01-30T00:00:00Z",1,1,2021-02-11
"2021-01-31T00:00:00Z",2,2,2021-02-11
"2021-02-01T00:00:00Z",1,1,2021-02-11
"2021-02-02T00:00:00Z",1,1,2021-02-11
"2021-02-03T00:00:00Z",1,1,2021-02-11
"2021-02-04T00:00:00Z",2,2,2021-02-11
"2021-02-05T00:00:00Z",2,2,2021-02-11
"2021-02-06T00:00:00Z",3,3,2021-02-11
"2021-02-07T00:00:00Z",3,3,2021-02-11
"2021-02-08T00:00:00Z",1,1,2021-02-11
"2021-02-09T00:00:00Z",1,1,2021-02-11
"2021-02-10T00:00:00Z",3,3,2021-02-11
"2021-01-30T00:00:00Z",1,1,2021-02-12
"2021-01-31T00:00:00Z",2,2,2021-02-12
"2021-02-01T00:00:00Z",1,1,2021-02-12
"2021-02-02T00:00:00Z",1,1,2021-02-12
"2021-02-03T00:00:00Z",1,1,2021-02-12
"2021-02-04T00:00:00Z",2,2,2021-02-12
"2021-02-05T00:00:00Z",2,2,2021-02-12
"2021-02-06T00:00:00Z",3,3,2021-02-12
"2021-02-07T00:00:00Z",3,3,2021-02-12
"2021-02-08T00:00:00Z",1,1,2021-02-12
"2021-02-09T00:00:00Z",1,1,2021-02-12
"2021-02-10T00:00:00Z",3,3,2021-02-12
"2021-02-11T00:00:00Z",4,4,2021-02-12
"2021-01-31T00:00:00Z",2,2,2021-02-13
"2021-02-01T00:00:00Z",1,1,2021-02-13
"2021-02-02T00:00:00Z",1,1,2021-02-13
"2021-02-03T00:00:00Z",1,1,2021-02-13
"2021-02-04T00:00:00Z",2,2,2021-02-13
"2021-02-05T00:00:00Z",2,2,2021-02-13
"2021-02-06T00:00:00Z",3,3,2021-02-13
"2021-02-07T00:00:00Z",3,3,2021-02-13
"2021-02-08T00:00:00Z",1,1,2021-02-13
"2021-02-09T00:00:00Z",1,1,2021-02-13
"2021-02-10T00:00:00Z",3,3,2021-02-13
"2021-02-11T00:00:00Z",4,4,2021-02-13
"2021-02-12T00:00:00Z",1,1,2021-02-13
"2021-02-01T00:00:00Z",1,1,2021-02-14
"2021-02-02T00:00:00Z",1,1,2021-02-14
"2021-02-03T00:00:00Z",1,1,2021-02-14
"2021-02-04T00:00:00Z",2,2,2021-02-14
"2021-02-05T00:00:00Z",2,2,2021-02-14
"2021-02-06T00:00:00Z",3,3,2021-02-14
"2021-02-07T00:00:00Z",3,3,2021-02-14
"2021-02-08T00:00:00Z",1,1,2021-02-14
"2021-02-09T00:00:00Z",1,1,2021-02-14
"2021-02-10T00:00:00Z",3,3,2021-02-14
"2021-02-11T00:00:00Z",4,4,2021-02-14
"2021-02-12T00:00:00Z",1,1,2021-02-14
"2021-02-13T00:00:00Z",3,3,2021-02-14
"2021-02-02T00:00:00Z",1,1,2021-02-15
"2021-02-03T00:00:00Z",1,1,2021-02-15
"2021-02-04T00:00:00Z",2,2,2021-02-15
"2021-02-05T00:00:00Z",2,2,2021-02-15
"2021-02-06T00:00:00Z",3,3,2021-02-15
"2021-02-07T00:00:00Z",3,3,2021-02-15
"2021-02-08T00:00:00Z",1,1,2021-02-15
"2021-02-09T00:00:00Z",1,1,2021-02-15
"2021-02-10T00:00:00Z",3,3,2021-02-15
"2021-02-11T00:00:00Z",4,4,2021-02-15
"2021-02-12T00:00:00Z",1,1,2021-02-15
"2021-02-13T00:00:00Z",3,3,2021-02-15
"2021-02-14T00:00:00Z",1,1,2021-02-15
"2021-02-03T00:00:00Z",1,1,2021-02-16
"2021-02-04T00:00:00Z",2,2,2021-02-16
"2021-02-05T00:00:00Z",2,2,2021-02-16
"2021-02-06T00:00:00Z",3,3,2021-02-16
"2021-02-07T00:00:00Z",3,3,2021-02-16
"2021-02-08T00:00:00Z",1,1,2021-02-16
"2021-02-09T00:00:00Z",1,1,2021-02-16
"2021-02-10T00:00:00Z",3,3,2021-02-16
"2021-02-11T00:00:00Z",4,4,2021-02-16
"2021-02-12T00:00:00Z",1,1,2021-02-16
"2021-02-13T00:00:00Z",3,3,2021-02-16
"2021-02-14T00:00:00Z",1,1,2021-02-16
"2021-02-15T00:00:00Z",2,2,2021-02-16
"2021-02-04T00:00:00Z",2,2,2021-02-17
"2021-02-05T00:00:00Z",2,2,2021-02-17
"2021-02-06T00:00:00Z",3,3,2021-02-17
"2021-02-07T00:00:00Z",3,3,2021-02-17
"2021-02-08T00:00:00Z",1,1,2021-02-17
"2021-02-09T00:00:00Z",1,1,2021-02-17
"2021-02-10T00:00:00Z",3,3,2021-02-17
"2021-02-11T00:00:00Z",4,4,2021-02-17
"2021-02-12T00:00:00Z",1,1,2021-02-17
"2021-02-13T00:00:00Z",3,3,2021-02-17
"2021-02-14T00:00:00Z",1,1,2021-02-17
"2021-02-15T00:00:00Z",2,2,2021-02-17
"2021-02-16T00:00:00Z",2,2,2021-02-17
"2021-02-05T00:00:00Z",2,2,2021-02-18
"2021-02-06T00:00:00Z",3,3,2021-02-18
"2021-02-07T00:00:00Z",3,3,2021-02-18
"2021-02-08T00:00:00Z",1,1,2021-02-18
"2021-02-09T00:00:00Z",1,1,2021-02-18
"2021-02-10T00:00:00Z",3,3,2021-02-18
"2021-02-11T00:00:00Z",4,4,2021-02-18
"2021-02-12T00:00:00Z",1,1,2021-02-18
"2021-02-13T00:00:00Z",3,3,2021-02-18
"2021-02-14T00:00:00Z",1,1,2021-02-18
"2021-02-15T00:00:00Z",2,2,2021-02-18
"2021-02-16T00:00:00Z",2,2,2021-02-18
"2021-02-17T00:00:00Z",1,1,2021-02-18
"2021-02-06T00:00:00Z",3,3,2021-02-19
"2021-02-07T00:00:00Z",3,3,2021-02-19
"2021-02-08T00:00:00Z",1,1,2021-02-19
"2021-02-09T00:00:00Z",1,1,2021-02-19
"2021-02-10T00:00:00Z",3,3,2021-02-19
"2021-02-11T00:00:00Z",4,4,2021-02-19
"2021-02-12T00:00:00Z",1,1,2021-02-19
"2021-02-13T00:00:00Z",3,3,2021-02-19
"2021-02-14T00:00:00Z",1,1,2021-02-19
"2021-02-15T00:00:00Z",2,2,2021-02-19
"2021-02-16T00:00:00Z",2,2,2021-02-19
"2021-02-17T00:00:00Z",1,1,2021-02-19
"2021-02-18T00:00:00Z",1,1,2021-02-19
"2021-02-07T00:00:00Z",3,3,2021-02-20
"2021-02-08T00:00:00Z",1,1,2021-02-20
"2021-02-09T00:00:00Z",1,1,2021-02-20
"2021-02-10T00:00:00Z",3,3,2021-02-20
"2021-02-11T00:00:00Z",4,4,2021-02-20
"2021-02-12T00:00:00Z",1,1,2021-02-20
"2021-02-13T00:00:00Z",3,3,2021-02-20
"2021-02-14T00:00:00Z",1,1,2021-02-20
"2021-02-15T00:00:00Z",2,2,2021-02-20
"2021-02-16T00:00:00Z",2,2,2021-02-20
"2021-02-17T00:00:00Z",1,1,2021-02-20
"2021-02-18T00:00:00Z",1,1,2021-02-20
"2021-02-19T00:00:00Z",1,1,2021-02-20
"2021-02-08T00:00:00Z",1,1,2021-02-21
"2021-02-09T00:00:00Z",1,1,2021-02-21
"2021-02-10T00:00:00Z",3,3,2021-02-21
"2021-02-11T00:00:00Z",4,4,2021-02-21
"2021-02-12T00:00:00Z",1,1,2021-02-21
"2021-02-13T00:00:00Z",3,3,2021-02-21
"2021-02-14T00:00:00Z",1,1,2021-02-21
"2021-02-15T00:00:00Z",2,2,2021-02-21
"2021-02-16T00:00:00Z",2,2,2021-02-21
"2021-02-17T00:00:00Z",1,1,2021-02-21
"2021-02-18T00:00:00Z",1,1,2021-02-21
"2021-02-19T00:00:00Z",1,1,2021-02-21
"2021-02-20T00:00:00Z",3,3,2021-02-21
"2021-02-08T00:00:00Z",1,1,2021-02-22
"2021-02-09T00:00:00Z",1,1,2021-02-22
"2021-02-10T00:00:00Z",3,3,2021-02-22
"2021-02-11T00:00:00Z",4,4,2021-02-22
"2021-02-12T00:00:00Z",1,1,2021-02-22
"2021-02-13T00:00:00Z",3,3,2021-02-22
"2021-02-14T00:00:00Z",1,1,2021-02-22
"2021-02-15T00:00:00Z",2,2,2021-02-22
"2021-02-16T00:00:00Z",2,2,2021-02-22
"2021-02-17T00:00:00Z",1,1,2021-02-22
"2021-02-18T00:00:00Z",1,1,2021-02-22
"2021-02-19T00:00:00Z",1,1,2021-02-22
"2021-02-20T00:00:00Z",3,3,2021-02-22
"2021-02-21T00:00:00Z",1,1,2021-02-22
"2021-02-10T00:00:00Z",3,3,2021-02-23
"2021-02-11T00:00:00Z",4,4,2021-02-23
"2021-02-12T00:00:00Z",1,1,2021-02-23
"2021-02-13T00:00:00Z",3,3,2021-02-23
"2021-02-14T00:00:00Z",1,1,2021-02-23
"2021-02-15T00:00:00Z",2,2,2021-02-23
"2021-02-16T00:00:00Z",2,2,2021-02-23
"2021-02-17T00:00:00Z",1,1,2021-02-23
"2021-02-18T00:00:00Z",1,1,2021-02-23
"2021-02-19T00:00:00Z",1,1,2021-02-23
"2021-02-20T00:00:00Z",3,3,2021-02-23
"2021-02-21T00:00:00Z",1,1,2021-02-23
"2021-02-22T00:00:00Z",1,1,2021-02-23
"2021-02-11T00:00:00Z",4,4,2021-02-24
"2021-02-12T00:00:00Z",1,1,2021-02-24
"2021-02-13T00:00:00Z",3,3,2021-02-24
"2021-02-14T00:00:00Z",1,1,2021-02-24
"2021-02-15T00:00:00Z",2,2,2021-02-24
"2021-02-16T00:00:00Z",2,2,2021-02-24
"2021-02-17T00:00:00Z",1,1,2021-02-24
"2021-02-18T00:00:00Z",1,1,2021-02-24
"2021-02-19T00:00:00Z",1,1,2021-02-24
"2021-02-20T00:00:00Z",3,3,2021-02-24
"2021-02-21T00:00:00Z",1,1,2021-02-24
"2021-02-22T00:00:00Z",1,1,2021-02-24
"2021-02-23T00:00:00Z",2,2,2021-02-24
"2021-02-12T00:00:00Z",1,1,2021-02-25
"2021-02-13T00:00:00Z",3,3,2021-02-25
"2021-02-14T00:00:00Z",1,1,2021-02-25
"2021-02-15T00:00:00Z",2,2,2021-02-25
"2021-02-16T00:00:00Z",2,2,2021-02-25
"2021-02-17T00:00:00Z",1,1,2021-02-25
"2021-02-18T00:00:00Z",1,1,2021-02-25
"2021-02-19T00:00:00Z",1,1,2021-02-25
"2021-02-20T00:00:00Z",3,3,2021-02-25
"2021-02-21T00:00:00Z",1,1,2021-02-25
"2021-02-22T00:00:00Z",1,1,2021-02-25
"2021-02-23T00:00:00Z",2,2,2021-02-25
"2021-02-24T00:00:00Z",1,1,2021-02-25
"2021-02-13T00:00:00Z",3,3,2021-02-26
"2021-02-14T00:00:00Z",1,1,2021-02-26
"2021-02-15T00:00:00Z",2,2,2021-02-26
"2021-02-16T00:00:00Z",2,2,2021-02-26
"2021-02-17T00:00:00Z",1,1,2021-02-26
"2021-02-18T00:00:00Z",1,1,2021-02-26
"2021-02-19T00:00:00Z",1,1,2021-02-26
"2021-02-20T00:00:00Z",3,3,2021-02-26
"2021-02-21T00:00:00Z",1,1,2021-02-26
"2021-02-22T00:00:00Z",1,1,2021-02-26
"2021-02-23T00:00:00Z",2,2,2021-02-26
"2021-02-24T00:00:00Z",1,1,2021-02-26
"2021-02-25T00:00:00Z",3,3,2021-02-26
"2021-02-15T00:00:00Z",2,2,2021-02-28
"2021-02-16T00:00:00Z",2,2,2021-02-28
"2021-02-17T00:00:00Z",1,1,2021-02-28
"2021-02-18T00:00:00Z",1,1,2021-02-28
"2021-02-19T00:00:00Z",1,1,2021-02-28
"2021-02-20T00:00:00Z",3,3,2021-02-28
"2021-02-21T00:00:00Z",1,1,2021-02-28
"2021-02-22T00:00:00Z",1,1,2021-02-28
"2021-02-23T00:00:00Z",2,2,2021-02-28
"2021-02-24T00:00:00Z",1,1,2021-02-28
"2021-02-25T00:00:00Z",3,3,2021-02-28
"2021-02-26T00:00:00Z",1,1,2021-02-28
"2021-02-27T00:00:00Z",1,1,2021-02-28
"2021-02-16T00:00:00Z",2,2,2021-03-01
"2021-02-17T00:00:00Z",1,1,2021-03-01
"2021-02-18T00:00:00Z",1,1,2021-03-01
"2021-02-19T00:00:00Z",1,1,2021-03-01
"2021-02-20T00:00:00Z",3,3,2021-03-01
"2021-02-21T00:00:00Z",1,1,2021-03-01
"2021-02-22T00:00:00Z",1,1,2021-03-01
"2021-02-23T00:00:00Z",2,2,2021-03-01
"2021-02-24T00:00:00Z",1,1,2021-03-01
"2021-02-25T00:00:00Z",3,3,2021-03-01
"2021-02-26T00:00:00Z",1,1,2021-03-01
"2021-02-27T00:00:00Z",1,1,2021-03-01
"2021-02-28T00:00:00Z",2,2,2021-03-01
"2021-03-01T00:00:00Z",1,1,2021-03-01
"2021-02-17T00:00:00Z",1,1,2021-03-02
"2021-02-18T00:00:00Z",1,1,2021-03-02
"2021-02-19T00:00:00Z",1,1,2021-03-02
"2021-02-20T00:00:00Z",3,3,2021-03-02
"2021-02-21T00:00:00Z",1,1,2021-03-02
"2021-02-22T00:00:00Z",1,1,2021-03-02
"2021-02-23T00:00:00Z",2,2,2021-03-02
"2021-02-24T00:00:00Z",1,1,2021-03-02
"2021-02-25T00:00:00Z",3,3,2021-03-02
"2021-02-26T00:00:00Z",1,1,2021-03-02
"2021-02-27T00:00:00Z",1,1,2021-03-02
"2021-02-28T00:00:00Z",2,2,2021-03-02
"2021-03-01T00:00:00Z",2,2,2021-03-02
"2021-02-18T00:00:00Z",1,1,2021-03-03
"2021-02-19T00:00:00Z",1,1,2021-03-03
"2021-02-20T00:00:00Z",3,3,2021-03-03
"2021-02-21T00:00:00Z",1,1,2021-03-03
"2021-02-22T00:00:00Z",1,1,2021-03-03
"2021-02-23T00:00:00Z",2,2,2021-03-03
"2021-02-24T00:00:00Z",1,1,2021-03-03
"2021-02-25T00:00:00Z",3,3,2021-03-03
"2021-02-26T00:00:00Z",1,1,2021-03-03
"2021-02-27T00:00:00Z",1,1,2021-03-03
"2021-02-28T00:00:00Z",2,2,2021-03-03
"2021-03-01T00:00:00Z",2,2,2021-03-03
"2021-03-02T00:00:00Z",1,1,2021-03-03
"2021-02-19T00:00:00Z",1,1,2021-03-04
"2021-02-20T00:00:00Z",3,3,2021-03-04
"2021-02-21T00:00:00Z",1,1,2021-03-04
"2021-02-22T00:00:00Z",1,1,2021-03-04
"2021-02-23T00:00:00Z",2,2,2021-03-04
"2021-02-24T00:00:00Z",1,1,2021-03-04
"2021-02-25T00:00:00Z",3,3,2021-03-04
"2021-02-26T00:00:00Z",1,1,2021-03-04
"2021-02-27T00:00:00Z",1,1,2021-03-04
"2021-02-28T00:00:00Z",2,2,2021-03-04
"2021-03-01T00:00:00Z",2,2,2021-03-04
"2021-03-02T00:00:00Z",1,1,2021-03-04
"2021-03-03T00:00:00Z",2,2,2021-03-04
"2021-02-20T00:00:00Z",3,3,2021-03-05
"2021-02-21T00:00:00Z",1,1,2021-03-05
"2021-02-22T00:00:00Z",1,1,2021-03-05
"2021-02-23T00:00:00Z",2,2,2021-03-05
"2021-02-24T00:00:00Z",1,1,2021-03-05
"2021-02-25T00:00:00Z",3,3,2021-03-05
"2021-02-26T00:00:00Z",1,1,2021-03-05
"2021-02-27T00:00:00Z",1,1,2021-03-05
"2021-02-28T00:00:00Z",2,2,2021-03-05
"2021-03-01T00:00:00Z",2,2,2021-03-05
"2021-03-02T00:00:00Z",1,1,2021-03-05
"2021-03-03T00:00:00Z",2,2,2021-03-05
"2021-03-04T00:00:00Z",2,2,2021-03-05
"2021-02-21T00:00:00Z",1,1,2021-03-06
"2021-02-22T00:00:00Z",1,1,2021-03-06
"2021-02-23T00:00:00Z",2,2,2021-03-06
"2021-02-24T00:00:00Z",1,1,2021-03-06
"2021-02-25T00:00:00Z",3,3,2021-03-06
"2021-02-26T00:00:00Z",1,1,2021-03-06
"2021-02-27T00:00:00Z",1,1,2021-03-06
"2021-02-28T00:00:00Z",2,2,2021-03-06
"2021-03-01T00:00:00Z",2,2,2021-03-06
"2021-03-02T00:00:00Z",1,1,2021-03-06
"2021-03-03T00:00:00Z",2,2,2021-03-06
"2021-03-04T00:00:00Z",2,2,2021-03-06
"2021-03-05T00:00:00Z",1,1,2021-03-06
"2021-02-23T00:00:00Z",2,2,2021-03-08
"2021-02-24T00:00:00Z",1,1,2021-03-08
"2021-02-25T00:00:00Z",3,3,2021-03-08
"2021-02-26T00:00:00Z",1,1,2021-03-08
"2021-02-27T00:00:00Z",1,1,2021-03-08
"2021-02-28T00:00:00Z",2,2,2021-03-08
"2021-03-01T00:00:00Z",2,2,2021-03-08
"2021-03-02T00:00:00Z",1,1,2021-03-08
"2021-03-03T00:00:00Z",2,2,2021-03-08
"2021-03-04T00:00:00Z",2,2,2021-03-08
"2021-03-05T00:00:00Z",1,1,2021-03-08
"2021-03-06T00:00:00Z",2,2,2021-03-08
"2021-03-07T00:00:00Z",1,1,2021-03-08
"2021-02-24T00:00:00Z",1,1,2021-03-09
"2021-02-25T00:00:00Z",3,3,2021-03-09
"2021-02-26T00:00:00Z",1,1,2021-03-09
"2021-02-27T00:00:00Z",1,1,2021-03-09
"2021-02-28T00:00:00Z",2,2,2021-03-09
"2021-03-01T00:00:00Z",2,2,2021-03-09
"2021-03-02T00:00:00Z",1,1,2021-03-09
"2021-03-03T00:00:00Z",2,2,2021-03-09
"2021-03-04T00:00:00Z",2,2,2021-03-09
"2021-03-05T00:00:00Z",1,1,2021-03-09
"2021-03-06T00:00:00Z",2,2,2021-03-09
"2021-03-07T00:00:00Z",1,1,2021-03-09
"2021-03-08T00:00:00Z",1,1,2021-03-09
"2021-02-25T00:00:00Z",3,3,2021-03-10
"2021-02-26T00:00:00Z",1,1,2021-03-10
"2021-02-27T00:00:00Z",1,1,2021-03-10
"2021-02-28T00:00:00Z",2,2,2021-03-10
"2021-03-01T00:00:00Z",2,2,2021-03-10
"2021-03-02T00:00:00Z",1,1,2021-03-10
"2021-03-03T00:00:00Z",2,2,2021-03-10
"2021-03-04T00:00:00Z",2,2,2021-03-10
"2021-03-05T00:00:00Z",1,1,2021-03-10
"2021-03-06T00:00:00Z",2,2,2021-03-10
"2021-03-07T00:00:00Z",1,1,2021-03-10
"2021-03-08T00:00:00Z",1,1,2021-03-10
"2021-03-09T00:00:00Z",1,1,2021-03-10
"2021-02-25T00:00:00Z",2,2,2021-03-11
"2021-02-26T00:00:00Z",1,1,2021-03-11
"2021-02-27T00:00:00Z",1,1,2021-03-11
"2021-02-28T00:00:00Z",2,2,2021-03-11
"2021-03-01T00:00:00Z",2,2,2021-03-11
"2021-03-02T00:00:00Z",1,1,2021-03-11
"2021-03-03T00:00:00Z",2,2,2021-03-11
"2021-03-04T00:00:00Z",2,2,2021-03-11
"2021-03-05T00:00:00Z",1,1,2021-03-11
"2021-03-06T00:00:00Z",2,2,2021-03-11
"2021-03-07T00:00:00Z",1,1,2021-03-11
"2021-03-08T00:00:00Z",1,1,2021-03-11
"2021-03-09T00:00:00Z",1,1,2021-03-11
"2021-03-10T00:00:00Z",1,1,2021-03-11
"2021-02-27T00:00:00Z",1,1,2021-03-12
"2021-02-28T00:00:00Z",2,2,2021-03-12
"2021-03-01T00:00:00Z",2,2,2021-03-12
"2021-03-02T00:00:00Z",1,1,2021-03-12
"2021-03-03T00:00:00Z",2,2,2021-03-12
"2021-03-04T00:00:00Z",2,2,2021-03-12
"2021-03-05T00:00:00Z",1,1,2021-03-12
"2021-03-06T00:00:00Z",2,2,2021-03-12
"2021-03-07T00:00:00Z",1,1,2021-03-12
"2021-03-08T00:00:00Z",1,1,2021-03-12
"2021-03-09T00:00:00Z",1,1,2021-03-12
"2021-03-10T00:00:00Z",1,1,2021-03-12
"2021-03-11T00:00:00Z",1,1,2021-03-12
"2021-02-28T00:00:00Z",2,2,2021-03-13
"2021-03-01T00:00:00Z",2,2,2021-03-13
"2021-03-02T00:00:00Z",1,1,2021-03-13
"2021-03-03T00:00:00Z",2,2,2021-03-13
"2021-03-04T00:00:00Z",2,2,2021-03-13
"2021-03-05T00:00:00Z",1,1,2021-03-13
"2021-03-06T00:00:00Z",2,2,2021-03-13
"2021-03-07T00:00:00Z",1,1,2021-03-13
"2021-03-08T00:00:00Z",1,1,2021-03-13
"2021-03-09T00:00:00Z",1,1,2021-03-13
"2021-03-10T00:00:00Z",1,1,2021-03-13
"2021-03-11T00:00:00Z",1,1,2021-03-13
"2021-03-12T00:00:00Z",1,1,2021-03-13
"2021-03-02T00:00:00Z",1,1,2021-03-15
"2021-03-03T00:00:00Z",2,2,2021-03-15
"2021-03-04T00:00:00Z",2,2,2021-03-15
"2021-03-05T00:00:00Z",1,1,2021-03-15
"2021-03-06T00:00:00Z",2,2,2021-03-15
"2021-03-07T00:00:00Z",1,1,2021-03-15
"2021-03-08T00:00:00Z",1,1,2021-03-15
"2021-03-09T00:00:00Z",1,1,2021-03-15
"2021-03-10T00:00:00Z",1,1,2021-03-15
"2021-03-11T00:00:00Z",1,1,2021-03-15
"2021-03-12T00:00:00Z",1,1,2021-03-15
"2021-03-13T00:00:00Z",2,2,2021-03-15
"2021-03-03T00:00:00Z",2,2,2021-03-16
"2021-03-04T00:00:00Z",2,2,2021-03-16
"2021-03-05T00:00:00Z",1,1,2021-03-16
"2021-03-06T00:00:00Z",2,2,2021-03-16
"2021-03-07T00:00:00Z",1,1,2021-03-16
"2021-03-08T00:00:00Z",1,1,2021-03-16
"2021-03-09T00:00:00Z",1,1,2021-03-16
"2021-03-10T00:00:00Z",1,1,2021-03-16
"2021-03-11T00:00:00Z",1,1,2021-03-16
"2021-03-12T00:00:00Z",1,1,2021-03-16
"2021-03-13T00:00:00Z",2,2,2021-03-16
"2021-03-15T00:00:00Z",1,1,2021-03-16
"2021-03-04T00:00:00Z",2,2,2021-03-17
"2021-03-05T00:00:00Z",1,1,2021-03-17
"2021-03-06T00:00:00Z",2,2,2021-03-17
"2021-03-07T00:00:00Z",1,1,2021-03-17
"2021-03-08T00:00:00Z",1,1,2021-03-17
"2021-03-09T00:00:00Z",1,1,2021-03-17
"2021-03-10T00:00:00Z",1,1,2021-03-17
"2021-03-11T00:00:00Z",1,1,2021-03-17
"2021-03-12T00:00:00Z",1,1,2021-03-17
"2021-03-13T00:00:00Z",2,2,2021-03-17
"2021-03-15T00:00:00Z",1,1,2021-03-17
"2021-03-16T00:00:00Z",1,1,2021-03-17
"2021-03-05T00:00:00Z",1,1,2021-03-18
"2021-03-06T00:00:00Z",2,2,2021-03-18
"2021-03-07T00:00:00Z",1,1,2021-03-18
"2021-03-08T00:00:00Z",1,1,2021-03-18
"2021-03-09T00:00:00Z",1,1,2021-03-18
"2021-03-10T00:00:00Z",1,1,2021-03-18
"2021-03-11T00:00:00Z",1,1,2021-03-18
"2021-03-12T00:00:00Z",1,1,2021-03-18
"2021-03-13T00:00:00Z",2,2,2021-03-18
"2021-03-15T00:00:00Z",1,1,2021-03-18
"2021-03-16T00:00:00Z",1,1,2021-03-18
"2021-03-17T00:00:00Z",2,2,2021-03-18
"2021-03-06T00:00:00Z",2,2,2021-03-19
"2021-03-07T00:00:00Z",1,1,2021-03-19
"2021-03-08T00:00:00Z",1,1,2021-03-19
"2021-03-09T00:00:00Z",1,1,2021-03-19
"2021-03-10T00:00:00Z",1,1,2021-03-19
"2021-03-11T00:00:00Z",1,1,2021-03-19
"2021-03-12T00:00:00Z",1,1,2021-03-19
"2021-03-13T00:00:00Z",2,2,2021-03-19
"2021-03-15T00:00:00Z",1,1,2021-03-19
"2021-03-16T00:00:00Z",1,1,2021-03-19
"2021-03-17T00:00:00Z",2,2,2021-03-19
"2021-03-18T00:00:00Z",1,1,2021-03-19
"2021-03-07T00:00:00Z",1,1,2021-03-20
"2021-03-08T00:00:00Z",1,1,2021-03-20
"2021-03-09T00:00:00Z",1,1,2021-03-20
"2021-03-10T00:00:00Z",1,1,2021-03-20
"2021-03-11T00:00:00Z",1,1,2021-03-20
"2021-03-12T00:00:00Z",1,1,2021-03-20
"2021-03-13T00:00:00Z",2,2,2021-03-20
"2021-03-15T00:00:00Z",1,1,2021-03-20
"2021-03-16T00:00:00Z",1,1,2021-03-20
"2021-03-17T00:00:00Z",2,2,2021-03-20
"2021-03-18T00:00:00Z",1,1,2021-03-20
"2021-03-19T00:00:00Z",1,1,2021-03-20
"2021-03-08T00:00:00Z",1,1,2021-03-21
"2021-03-09T00:00:00Z",1,1,2021-03-21
"2021-03-10T00:00:00Z",1,1,2021-03-21
"2021-03-11T00:00:00Z",1,1,2021-03-21
"2021-03-12T00:00:00Z",1,1,2021-03-21
"2021-03-13T00:00:00Z",2,2,2021-03-21
"2021-03-15T00:00:00Z",1,1,2021-03-21
"2021-03-16T00:00:00Z",1,1,2021-03-21
"2021-03-17T00:00:00Z",2,2,2021-03-21
"2021-03-18T00:00:00Z",1,1,2021-03-21
"2021-03-19T00:00:00Z",1,1,2021-03-21
"2021-03-20T00:00:00Z",1,1,2021-03-21
"2021-03-09T00:00:00Z",1,1,2021-03-22
"2021-03-10T00:00:00Z",1,1,2021-03-22
"2021-03-11T00:00:00Z",1,1,2021-03-22
"2021-03-12T00:00:00Z",1,1,2021-03-22
"2021-03-13T00:00:00Z",2,2,2021-03-22
"2021-03-15T00:00:00Z",1,1,2021-03-22
"2021-03-16T00:00:00Z",1,1,2021-03-22
"2021-03-17T00:00:00Z",2,2,2021-03-22
"2021-03-18T00:00:00Z",1,1,2021-03-22
"2021-03-19T00:00:00Z",1,1,2021-03-22
"2021-03-20T00:00:00Z",1,1,2021-03-22
"2021-03-21T00:00:00Z",1,1,2021-03-22
"2021-03-10T00:00:00Z",1,1,2021-03-23
"2021-03-11T00:00:00Z",1,1,2021-03-23
"2021-03-12T00:00:00Z",1,1,2021-03-23
"2021-03-13T00:00:00Z",2,2,2021-03-23
"2021-03-15T00:00:00Z",1,1,2021-03-23
"2021-03-16T00:00:00Z",1,1,2021-03-23
"2021-03-17T00:00:00Z",2,2,2021-03-23
"2021-03-18T00:00:00Z",1,1,2021-03-23
"2021-03-19T00:00:00Z",1,1,2021-03-23
"2021-03-20T00:00:00Z",1,1,2021-03-23
"2021-03-21T00:00:00Z",1,1,2021-03-23
"2021-03-22T00:00:00Z",1,1,2021-03-23
"2021-03-11T00:00:00Z",1,1,2021-03-24
"2021-03-12T00:00:00Z",1,1,2021-03-24
"2021-03-13T00:00:00Z",2,2,2021-03-24
"2021-03-15T00:00:00Z",1,1,2021-03-24
"2021-03-16T00:00:00Z",1,1,2021-03-24
"2021-03-17T00:00:00Z",2,2,2021-03-24
"2021-03-18T00:00:00Z",1,1,2021-03-24
"2021-03-19T00:00:00Z",1,1,2021-03-24
"2021-03-20T00:00:00Z",1,1,2021-03-24
"2021-03-21T00:00:00Z",1,1,2021-03-24
"2021-03-22T00:00:00Z",1,1,2021-03-24
"2021-03-23T00:00:00Z",1,1,2021-03-24
"2021-03-12T00:00:00Z",1,1,2021-03-25
"2021-03-13T00:00:00Z",2,2,2021-03-25
"2021-03-15T00:00:00Z",1,1,2021-03-25
"2021-03-16T00:00:00Z",1,1,2021-03-25
"2021-03-17T00:00:00Z",2,2,2021-03-25
"2021-03-18T00:00:00Z",1,1,2021-03-25
"2021-03-19T00:00:00Z",1,1,2021-03-25
"2021-03-20T00:00:00Z",1,1,2021-03-25
"2021-03-21T00:00:00Z",1,1,2021-03-25
"2021-03-22T00:00:00Z",1,1,2021-03-25
"2021-03-23T00:00:00Z",1,1,2021-03-25
"2021-03-24T00:00:00Z",2,2,2021-03-25
"2021-03-13T00:00:00Z",2,2,2021-03-26
"2021-03-15T00:00:00Z",1,1,2021-03-26
"2021-03-16T00:00:00Z",1,1,2021-03-26
"2021-03-17T00:00:00Z",2,2,2021-03-26
"2021-03-18T00:00:00Z",1,1,2021-03-26
"2021-03-19T00:00:00Z",1,1,2021-03-26
"2021-03-20T00:00:00Z",1,1,2021-03-26
"2021-03-21T00:00:00Z",1,1,2021-03-26
"2021-03-22T00:00:00Z",1,1,2021-03-26
"2021-03-23T00:00:00Z",1,1,2021-03-26
"2021-03-24T00:00:00Z",2,2,2021-03-26
"2021-03-25T00:00:00Z",1,1,2021-03-26
"2021-03-15T00:00:00Z",1,1,2021-03-27
"2021-03-16T00:00:00Z",1,1,2021-03-27
"2021-03-17T00:00:00Z",2,2,2021-03-27
"2021-03-18T00:00:00Z",1,1,2021-03-27
"2021-03-19T00:00:00Z",1,1,2021-03-27
"2021-03-20T00:00:00Z",1,1,2021-03-27
"2021-03-21T00:00:00Z",1,1,2021-03-27
"2021-03-22T00:00:00Z",1,1,2021-03-27
"2021-03-23T00:00:00Z",1,1,2021-03-27
"2021-03-24T00:00:00Z",2,2,2021-03-27
"2021-03-25T00:00:00Z",1,1,2021-03-27
"2021-03-26T00:00:00Z",2,2,2021-03-27
"2021-03-15T00:00:00Z",1,1,2021-03-28
"2021-03-16T00:00:00Z",1,1,2021-03-28
"2021-03-17T00:00:00Z",2,2,2021-03-28
"2021-03-18T00:00:00Z",1,1,2021-03-28
"2021-03-19T00:00:00Z",1,1,2021-03-28
"2021-03-20T00:00:00Z",1,1,2021-03-28
"2021-03-21T00:00:00Z",1,1,2021-03-28
"2021-03-22T00:00:00Z",1,1,2021-03-28
"2021-03-23T00:00:00Z",1,1,2021-03-28
"2021-03-24T00:00:00Z",2,2,2021-03-28
"2021-03-25T00:00:00Z",1,1,2021-03-28
"2021-03-26T00:00:00Z",2,2,2021-03-28
"2021-03-27T00:00:00Z",1,1,2021-03-28
"2021-03-16T00:00:00Z",1,1,2021-03-29
"2021-03-17T00:00:00Z",2,2,2021-03-29
"2021-03-18T00:00:00Z",1,1,2021-03-29
"2021-03-19T00:00:00Z",1,1,2021-03-29
"2021-03-20T00:00:00Z",1,1,2021-03-29
"2021-03-21T00:00:00Z",1,1,2021-03-29
"2021-03-22T00:00:00Z",1,1,2021-03-29
"2021-03-23T00:00:00Z",1,1,2021-03-29
"2021-03-24T00:00:00Z",2,2,2021-03-29
"2021-03-25T00:00:00Z",1,1,2021-03-29
"2021-03-26T00:00:00Z",2,2,2021-03-29
"2021-03-27T00:00:00Z",1,1,2021-03-29
"2021-03-28T00:00:00Z",1,1,2021-03-29
